Name,Tags,Length,VR,Altitude,Link
Test Cave [1],"Cave, SSSI",112.0,22.0,123.0,http://registry.gsg.org.uk/sr/sitedetails.php?id=1
Deer Hill Cave,"Cave, Rising",,,,http://registry.gsg.org.uk/sr/sitedetails.php?id=2
Allt Aoinidh (Pol),"Cave, Sink",,,260.0,http://registry.gsg.org.uk/sr/sitedetails.php?id=3
Eighe (Pol) [eyehole],"Cave, Sink, SSSI",6.5,3.0,220.0,http://registry.gsg.org.uk/sr/sitedetails.php?id=4
Eighe (Pol),"Cave, Sink",35.0,5.0,210.0,http://registry.gsg.org.uk/sr/sitedetails.php?id=5
Eighe (Pol) [Upper],"Cave, Rising",12.5,3.0,205.0,http://registry.gsg.org.uk/sr/sitedetails.php?id=6
Marchburn Cave [1],"Cave, SeaCave",6.0,,,http://registry.gsg.org.uk/sr/sitedetails.php?id=7
Aonan na Mala Natural Arch [2] (N).,"Cave, Rising, Arch",10.0,,20.0,http://registry.gsg.org.uk/sr/sitedetails.php?id=8
Barlocco Cave [1],"Cave, SeaCave",,,0.0,http://registry.gsg.org.uk/sr/sitedetails.php?id=9
Barlocco Cave [2],"Cave, SeaCave",,,0.0,http://registry.gsg.org.uk/sr/sitedetails.php?id=10
Barlocco Cave [3],"Cave, SeaCave",,10.0,0.0,http://registry.gsg.org.uk/sr/sitedetails.php?id=11
Lossit [1],"Cave, SeaCave",,,,http://registry.gsg.org.uk/sr/sitedetails.php?id=12
Brolainne (Uamh na),"Cave, SeaCave",,,0.0,http://registry.gsg.org.uk/sr/sitedetails.php?id=13
Kilchoman [1],"Cave, Archaeo",6.0,,70.0,http://registry.gsg.org.uk/sr/sitedetails.php?id=14
Ardnave [1],"Cave, Archaeo",,,0.0,http://registry.gsg.org.uk/sr/sitedetails.php?id=15
Bealach an t-Siucair [Find Spot],Archaeo,,,,http://registry.gsg.org.uk/sr/sitedetails.php?id=16
Lagggan [1],Cave,,,,http://registry.gsg.org.uk/sr/sitedetails.php?id=17
Cnoc Ebric [Find Spot],Archaeo,,,,http://registry.gsg.org.uk/sr/sitedetails.php?id=18
Chotain (Port a') [1],"Cave, SeaCave, Archaeo",,,,http://registry.gsg.org.uk/sr/sitedetails.php?id=19
Rhuba Bholsa [1],"Cave, SeaCave, Archaeo",,,,http://registry.gsg.org.uk/sr/sitedetails.php?id=20
Doodilbeg [1],Cave,,,,http://registry.gsg.org.uk/sr/sitedetails.php?id=21
Doodilbeg [2],"Cave, Archaeo",,,,http://registry.gsg.org.uk/sr/sitedetails.php?id=22
Aonan an Eorna [1],"Cave, Archaeo",,,,http://registry.gsg.org.uk/sr/sitedetails.php?id=23
Aonan an Eorna [2],"Cave, SeaCave, Archaeo",,,,http://registry.gsg.org.uk/sr/sitedetails.php?id=24
Aonan an Eorna [3],"Cave, Archaeo",,,,http://registry.gsg.org.uk/sr/sitedetails.php?id=25
Port Domhnaill Cruinn [1],"Cave, Archaeo",,,,http://registry.gsg.org.uk/sr/sitedetails.php?id=26
Donna (Uamhannan) [1],"Cave, Archaeo",,,,http://registry.gsg.org.uk/sr/sitedetails.php?id=27
Donna (Uamhannan) [2],"Cave, Archaeo",,,,http://registry.gsg.org.uk/sr/sitedetails.php?id=28
Donna (Uamhannan) [3],"Cave, Archaeo",,,,http://registry.gsg.org.uk/sr/sitedetails.php?id=29
Biod nan Sgarbh [1],"Cave, Archaeo",,,,http://registry.gsg.org.uk/sr/sitedetails.php?id=30
Biod nan Sgarbh [2],"Cave, Archaeo",,,,http://registry.gsg.org.uk/sr/sitedetails.php?id=31
Chotain (Port a') [2],"Cave, Archaeo",,,,http://registry.gsg.org.uk/sr/sitedetails.php?id=32
Biod nan Sgarbh [3],Cave,,,,http://registry.gsg.org.uk/sr/sitedetails.php?id=33
Biod nan Sgarbh [4],"Cave, Archaeo",,,,http://registry.gsg.org.uk/sr/sitedetails.php?id=34
Braigh a' Gheodh (Uamh),Cave,,,,http://registry.gsg.org.uk/sr/sitedetails.php?id=35
Biod nan Sgarbh [5],"Cave, Archaeo",,,,http://registry.gsg.org.uk/sr/sitedetails.php?id=36
Biod nan Sgarbh [6],"Cave, Archaeo",,,,http://registry.gsg.org.uk/sr/sitedetails.php?id=37
Biod nan Sgarbh [7],"Cave, Archaeo",,,,http://registry.gsg.org.uk/sr/sitedetails.php?id=38
Biod nan Sgarbh [8],"Cave, Archaeo",,,,http://registry.gsg.org.uk/sr/sitedetails.php?id=39
Sgairail [1],"Cave, Archaeo",,,,http://registry.gsg.org.uk/sr/sitedetails.php?id=40
Donna (Uamhannan) [4],"Cave, Archaeo",,,,http://registry.gsg.org.uk/sr/sitedetails.php?id=41
Donna (Uamhannan) [6],"Cave, Archaeo",,,,http://registry.gsg.org.uk/sr/sitedetails.php?id=42
Donna (Uamhannan) [5],Cave,,,,http://registry.gsg.org.uk/sr/sitedetails.php?id=43
Port Domhnaill Cruinn [3],"Cave, Archaeo",,,,http://registry.gsg.org.uk/sr/sitedetails.php?id=44
Port Domhnaill Cruinn [4],"Cave, SeaCave, Archaeo",,,,http://registry.gsg.org.uk/sr/sitedetails.php?id=45
Aonan an Eorna [8],"Cave, Archaeo",,,,http://registry.gsg.org.uk/sr/sitedetails.php?id=46
Doodilbeg [13],"Cave, SeaCave, Archaeo",,,,http://registry.gsg.org.uk/sr/sitedetails.php?id=47
Doodilbeg [14],"Cave, SeaCave, Archaeo",,,,http://registry.gsg.org.uk/sr/sitedetails.php?id=48
Doodilbeg [3],"Cave, SeaCave, Archaeo",,,,http://registry.gsg.org.uk/sr/sitedetails.php?id=49
Doodilbeg [4],Cave,,,,http://registry.gsg.org.uk/sr/sitedetails.php?id=50
Doodilbeg [5],"Cave, SeaCave, Archaeo",,,,http://registry.gsg.org.uk/sr/sitedetails.php?id=51
Doodilbeg [6],Cave,,,,http://registry.gsg.org.uk/sr/sitedetails.php?id=52
Doodilbeg [7],Cave,,,,http://registry.gsg.org.uk/sr/sitedetails.php?id=53
Doodilbeg [8],Cave,,,,http://registry.gsg.org.uk/sr/sitedetails.php?id=54
Doodilbeg [9],"Cave, Archaeo",,,,http://registry.gsg.org.uk/sr/sitedetails.php?id=55
Doodilbeg [10],"Cave, Archaeo",,,,http://registry.gsg.org.uk/sr/sitedetails.php?id=56
Doodilbeg [11],"Cave, Archaeo",,,,http://registry.gsg.org.uk/sr/sitedetails.php?id=57
Allt an t-Seana Chlaiginn [1],"Cave, Archaeo",,,,http://registry.gsg.org.uk/sr/sitedetails.php?id=58
Doodilmore River [3],"Cave, Archaeo",,,,http://registry.gsg.org.uk/sr/sitedetails.php?id=59
Glen Logan Natural Arch,"Cave, Arch, SeaCave",,,,http://registry.gsg.org.uk/sr/sitedetails.php?id=60
Lub Gleann Logain Cave,"Cave, Archaeo",,,,http://registry.gsg.org.uk/sr/sitedetails.php?id=61
Rubha nan Earachan [8],"Cave, Archaeo",,,,http://registry.gsg.org.uk/sr/sitedetails.php?id=62
Rubha an t-Salainn [1],Cave,,,,http://registry.gsg.org.uk/sr/sitedetails.php?id=63
Lon na Cnuasachd [1],"Cave, Archaeo",,,,http://registry.gsg.org.uk/sr/sitedetails.php?id=64
Lon na Cnuasacdh [3],"Cave, Archaeo",,,,http://registry.gsg.org.uk/sr/sitedetails.php?id=65
Chotain (Port a') [3],"Cave, Archaeo",,,,http://registry.gsg.org.uk/sr/sitedetails.php?id=66
Ledbeg Sink [1],"Sink, SSSI",,,,http://registry.gsg.org.uk/sr/sitedetails.php?id=67
Ledbeg Sink [2],"Sink, SSSI",,,,http://registry.gsg.org.uk/sr/sitedetails.php?id=68
Ledbeg Sink [3],"Sink, SSSI",,,,http://registry.gsg.org.uk/sr/sitedetails.php?id=69
Stac na Craoibhe Cave [1],Cave,,,,http://registry.gsg.org.uk/sr/sitedetails.php?id=70
Stac na Craoibhe Cave [2],Cave,,,,http://registry.gsg.org.uk/sr/sitedetails.php?id=71
Stac na Craoibhe Cave [3],Cave,,,,http://registry.gsg.org.uk/sr/sitedetails.php?id=72
Port na Furm Cave,"Cave, SeaCave",,,,http://registry.gsg.org.uk/sr/sitedetails.php?id=73
Cnoc na Faire Cave,Cave,,,,http://registry.gsg.org.uk/sr/sitedetails.php?id=74
Sloc a' Bhrighide,Other,,,,http://registry.gsg.org.uk/sr/sitedetails.php?id=75
Dunollie Castle Cave,"Cave, Archaeo",,,,http://registry.gsg.org.uk/sr/sitedetails.php?id=76
Airds Bay Cave [1],Cave,,,,http://registry.gsg.org.uk/sr/sitedetails.php?id=77
Airds Bay Cave [2],Cave,,,,http://registry.gsg.org.uk/sr/sitedetails.php?id=78
Airds Bay Cave [3],Cave,,,,http://registry.gsg.org.uk/sr/sitedetails.php?id=79
Caillich (Uamh) [Ledaig],"Cave, Archaeo",,,,http://registry.gsg.org.uk/sr/sitedetails.php?id=80
Cailleach nam Peur Cave [2],Cave,,,20.0,http://registry.gsg.org.uk/sr/sitedetails.php?id=81
St. Cormac's Cave,"Cave, Archaeo, SAM",2.0,2.0,15.0,http://registry.gsg.org.uk/sr/sitedetails.php?id=82
Port an t-Salainn Cave,Cave,,,,http://registry.gsg.org.uk/sr/sitedetails.php?id=83
Piper's Cave [Loch Stornoway],"Cave, Archaeo",,,,http://registry.gsg.org.uk/sr/sitedetails.php?id=84
Tur nan Calman [Overview],Other,,,,http://registry.gsg.org.uk/sr/sitedetails.php?id=85
Newton Park Cave,"Cave, SeaCave",,,,http://registry.gsg.org.uk/sr/sitedetails.php?id=86
Drumwhisley Cave,Cave,,,,http://registry.gsg.org.uk/sr/sitedetails.php?id=87
Larbrax Fort Cave,"Cave, Archaeo, SAM",,,,http://registry.gsg.org.uk/sr/sitedetails.php?id=88
Knockgour Cave,Cave,,,,http://registry.gsg.org.uk/sr/sitedetails.php?id=89
Candle Cave,Cave,,,,http://registry.gsg.org.uk/sr/sitedetails.php?id=90
Scabby's Loup [Overview],Other,,,,http://registry.gsg.org.uk/sr/sitedetails.php?id=91
Dropping Cave [Port Mora],Cave,,,,http://registry.gsg.org.uk/sr/sitedetails.php?id=92
Garryharry Cave [2],"Cave, SeaCave",10.0,,0.0,http://registry.gsg.org.uk/sr/sitedetails.php?id=93
Slouchadolloes Cave,Cave,,,,http://registry.gsg.org.uk/sr/sitedetails.php?id=94
Garryharry Cave [1],Cave,,,,http://registry.gsg.org.uk/sr/sitedetails.php?id=95
Old Park of Gleick Cave [1],Cave,,,,http://registry.gsg.org.uk/sr/sitedetails.php?id=96
Marchburn Cave [2],Cave,,,,http://registry.gsg.org.uk/sr/sitedetails.php?id=97
White Laird's Loup Cave,"Cave, SeaCave",,,,http://registry.gsg.org.uk/sr/sitedetails.php?id=98
Base Hole Cave,"Cave, Archaeo",,,,http://registry.gsg.org.uk/sr/sitedetails.php?id=99
Kettle Mouth Cave,"Cave, SeaCave",,,,http://registry.gsg.org.uk/sr/sitedetails.php?id=100
North Lennans Cave,"Cave, SeaCave",,,,http://registry.gsg.org.uk/sr/sitedetails.php?id=101
Gairal Cave,"Cave, SeaCave",,,,http://registry.gsg.org.uk/sr/sitedetails.php?id=102
Dunman Cave [1],"Cave, SeaCave",,,,http://registry.gsg.org.uk/sr/sitedetails.php?id=103
Dunman Cave [3],Cave,,,,http://registry.gsg.org.uk/sr/sitedetails.php?id=104
Calliedown Bay Cave,"Cave, SeaCave",7.0,,0.0,http://registry.gsg.org.uk/sr/sitedetails.php?id=105
Inchnagour Cave,"Cave, SeaCave",,,,http://registry.gsg.org.uk/sr/sitedetails.php?id=106
Nick of Kindram Cave,"Cave, SeaCave",,,,http://registry.gsg.org.uk/sr/sitedetails.php?id=107
Slouchlaurie Cave,"Cave, SeaCave",,,,http://registry.gsg.org.uk/sr/sitedetails.php?id=108
Bullet Cave,"Cave, SeaCave",,,,http://registry.gsg.org.uk/sr/sitedetails.php?id=109
Carrickamickie Cave,"Cave, SeaCave",,,,http://registry.gsg.org.uk/sr/sitedetails.php?id=110
Lagganusk Cave,"Cave, SeaCave",,,,http://registry.gsg.org.uk/sr/sitedetails.php?id=111
Carrickcorie Cave [1],"Cave, SeaCave",,,,http://registry.gsg.org.uk/sr/sitedetails.php?id=112
Gallie Heughs Cave [4],"Cave, SeaCave",,,,http://registry.gsg.org.uk/sr/sitedetails.php?id=113
Gallie Heughs [Overview],Other,,,,http://registry.gsg.org.uk/sr/sitedetails.php?id=114
Gallie Heughs Cave [1],"Cave, SeaCave",,,,http://registry.gsg.org.uk/sr/sitedetails.php?id=115
Scart Cave,"Cave, SeaCave",,,0.0,http://registry.gsg.org.uk/sr/sitedetails.php?id=116
Lunnock Cave,"Cave, SeaCave",20.0,5.0,0.0,http://registry.gsg.org.uk/sr/sitedetails.php?id=117
Garheugh Port Cave,"Cave, SeaCave, Archaeo",,2.0,5.0,http://registry.gsg.org.uk/sr/sitedetails.php?id=118
Boden Walls Cave [2],"Cave, SeaCave",10.0,,,http://registry.gsg.org.uk/sr/sitedetails.php?id=119
Truff Cave [W],"Cave, SeaCave",,,,http://registry.gsg.org.uk/sr/sitedetails.php?id=120
Red Gate Cave [1],Cave,,,,http://registry.gsg.org.uk/sr/sitedetails.php?id=121
Red Gate Cave [2],"Cave, SeaCave",,,,http://registry.gsg.org.uk/sr/sitedetails.php?id=122
Callie's Port Cave,"Cave, SeaCave",,,,http://registry.gsg.org.uk/sr/sitedetails.php?id=123
Sheep Wash Cave,Cave,,,,http://registry.gsg.org.uk/sr/sitedetails.php?id=124
Grey Mare's Tail Cave,Cave,,,,http://registry.gsg.org.uk/sr/sitedetails.php?id=125
Cairndoon Cave [1],"Cave, SeaCave",,,,http://registry.gsg.org.uk/sr/sitedetails.php?id=126
Devil's Arch,"Cave, Arch",,,,http://registry.gsg.org.uk/sr/sitedetails.php?id=127
Bloody Neuk Cave,"Cave, SeaCave",,,,http://registry.gsg.org.uk/sr/sitedetails.php?id=128
Port Castle Cave,Cave,,,,http://registry.gsg.org.uk/sr/sitedetails.php?id=129
Port Castle Bay Cave [1],Cave,,,,http://registry.gsg.org.uk/sr/sitedetails.php?id=130
Smirle Cave,"Cave, SeaCave",,,,http://registry.gsg.org.uk/sr/sitedetails.php?id=131
Carghidown Castle Cave,Cave,,,,http://registry.gsg.org.uk/sr/sitedetails.php?id=132
Dykefoot Cave,Cave,,,,http://registry.gsg.org.uk/sr/sitedetails.php?id=133
Devil's Footsteps,Cave,,,,http://registry.gsg.org.uk/sr/sitedetails.php?id=134
Jamie's Hole (cave),"Cave, Arch, SeaCave",,25.0,1.0,http://registry.gsg.org.uk/sr/sitedetails.php?id=135
Cruggleton Cave,Cave,,,,http://registry.gsg.org.uk/sr/sitedetails.php?id=136
Palmallet Head [Overview],Other,,,,http://registry.gsg.org.uk/sr/sitedetails.php?id=137
Cruggleton Lodge Cave,Cave,,,,http://registry.gsg.org.uk/sr/sitedetails.php?id=138
Loch Sleibhe Lead Mine,"Mine, ManMade, Archaeo",,,,http://registry.gsg.org.uk/sr/sitedetails.php?id=139
Loch Fuar Bheinnne Lead Mine,"Mine, ManMade, Archaeo",,,,http://registry.gsg.org.uk/sr/sitedetails.php?id=140
Allt nan Nathair Lead Mine,"Mine, ManMade, Archaeo",,,,http://registry.gsg.org.uk/sr/sitedetails.php?id=141
Coldstream Burn Mine,"Mine, ManMade, Archaeo",,,,http://registry.gsg.org.uk/sr/sitedetails.php?id=142
Cruach Meadhonach Lead Mine [1],"Mine, ManMade, Archaeo",,,,http://registry.gsg.org.uk/sr/sitedetails.php?id=143
Gleann Beag Mine [3],"Mine, ManMade, Archaeo",,,,http://registry.gsg.org.uk/sr/sitedetails.php?id=144
Cruach Meadhonach Lead Mine [2],"Mine, ManMade, Archaeo",,,,http://registry.gsg.org.uk/sr/sitedetails.php?id=145
Oak Bank Shaft,"Mine, ManMade, Archaeo",,,,http://registry.gsg.org.uk/sr/sitedetails.php?id=146
Silver Rigg Shafts,"Mine, ManMade, Archaeo",,,,http://registry.gsg.org.uk/sr/sitedetails.php?id=147
Glenamuckrach Rock Shelter [1],"Cave, Sink",20.0,12.0,330.0,http://registry.gsg.org.uk/sr/sitedetails.php?id=148
Cruach Mheadhonach Shafts,"Mine, ManMade, Archaeo",,,,http://registry.gsg.org.uk/sr/sitedetails.php?id=149
Glenamuckrach Rock Shelter [2],Cave,15.0,10.0,320.0,http://registry.gsg.org.uk/sr/sitedetails.php?id=150
Glenamuckrach Rock Shelter [3],Cave,,15.0,310.0,http://registry.gsg.org.uk/sr/sitedetails.php?id=151
Staffa Rock Shelter [1],"Cave, NNR",2.5,0.5,0.0,http://registry.gsg.org.uk/sr/sitedetails.php?id=152
Staffa Rock Shelter [2],"Cave, NNR",4.0,2.36,0.0,http://registry.gsg.org.uk/sr/sitedetails.php?id=153
Staffa Rock Shelter [4],"Cave, NNR",5.0,1.4,0.0,http://registry.gsg.org.uk/sr/sitedetails.php?id=154
Staffa Rock Shelter [5],"Cave, NNR",4.0,,10.0,http://registry.gsg.org.uk/sr/sitedetails.php?id=155
Staffa Rock Shelter [6],"Cave, NNR",2.7,2.5,10.0,http://registry.gsg.org.uk/sr/sitedetails.php?id=156
Staffa Rock Shelter [7],"Cave, NNR",15.0,3.8,0.0,http://registry.gsg.org.uk/sr/sitedetails.php?id=157
Staffa Rock Shelter [8],"Cave, NNR",5.0,4.0,5.0,http://registry.gsg.org.uk/sr/sitedetails.php?id=158
Am Miadar Rockshelter [2],Cave,,,,http://registry.gsg.org.uk/sr/sitedetails.php?id=159
Lon an Cnuasacdh Rockshelter [2],"Cave, Archaeo",,,,http://registry.gsg.org.uk/sr/sitedetails.php?id=160
Am Miadar Rockshelter [1],"Cave, Archaeo",,,,http://registry.gsg.org.uk/sr/sitedetails.php?id=161
Dun Chroisprig Rockshelter,"Cave, Archaeo",,,,http://registry.gsg.org.uk/sr/sitedetails.php?id=162
Dubhaidh Rockshelter (Poll an),"Cave, Archaeo",,,,http://registry.gsg.org.uk/sr/sitedetails.php?id=163
Carraig Bun Aibhne Rockshelter [1],Cave,,,,http://registry.gsg.org.uk/sr/sitedetails.php?id=164
Port Ellister Rockshelter [2],"Cave, Archaeo",,,,http://registry.gsg.org.uk/sr/sitedetails.php?id=165
Chotain (Port a') Rockshelter [2],Cave,,,,http://registry.gsg.org.uk/sr/sitedetails.php?id=166
Chotain (Port a') Rockshelter [1],Cave,,,,http://registry.gsg.org.uk/sr/sitedetails.php?id=167
Doodilbeg [12] Rockshelter,"Cave, Archaeo",,,,http://registry.gsg.org.uk/sr/sitedetails.php?id=168
Rassal Mine [4],"Dig, ManMade, Archaeo, SAM",,,,http://registry.gsg.org.uk/sr/sitedetails.php?id=169
Rassal Mine [5],"ManMade, Archaeo",,,,http://registry.gsg.org.uk/sr/sitedetails.php?id=170
3D Cave,Cave,65.0,17.0,155.0,http://registry.gsg.org.uk/sr/sitedetails.php?id=171
3-Gs Cave,"Cave, SSSI",6.0,6.0,340.0,http://registry.gsg.org.uk/sr/sitedetails.php?id=172
4 Metre Rift,Cave,4.0,4.0,325.0,http://registry.gsg.org.uk/sr/sitedetails.php?id=173
Ghobha (Uamh a'),Cave,40.0,2.0,100.0,http://registry.gsg.org.uk/sr/sitedetails.php?id=174
Aberfoyle Mine [Fiction],"Mine, Other",,,,http://registry.gsg.org.uk/sr/sitedetails.php?id=175
Aberfoyle Mine [2],"Mine, ManMade, Archaeo, Lost",,,,http://registry.gsg.org.uk/sr/sitedetails.php?id=176
Aberfoyle Mine [1],"Mine, ManMade, Archaeo, Lost",,,,http://registry.gsg.org.uk/sr/sitedetails.php?id=177
Abergairn Mine,"Mine, ManMade, Archaeo",,,,http://registry.gsg.org.uk/sr/sitedetails.php?id=178
Eagle Rock Cave,Cave,,,,http://registry.gsg.org.uk/sr/sitedetails.php?id=179
Abernyte Trial,"Mine, ManMade, Archaeo",,,,http://registry.gsg.org.uk/sr/sitedetails.php?id=180
Ailsa Craig [Overview],Other,,,,http://registry.gsg.org.uk/sr/sitedetails.php?id=181
Abhainn Strathain Mine,"Mine, ManMade, Archaeo",,,,http://registry.gsg.org.uk/sr/sitedetails.php?id=182
Malladraw's Hole,"Arch, SeaCave",13.0,5.0,1.0,http://registry.gsg.org.uk/sr/sitedetails.php?id=183
Ach an Fheidh (Uamh),"Cave, Archaeo",35.0,20.0,50.0,http://registry.gsg.org.uk/sr/sitedetails.php?id=184
Achanarras Mine,"Mine, ManMade, Archaeo",75.0,40.0,110.0,http://registry.gsg.org.uk/sr/sitedetails.php?id=185
Rotherhole,"Cave, SeaCave",44.0,10.0,-1.0,http://registry.gsg.org.uk/sr/sitedetails.php?id=186
Acharn Cave,"ManMade, Archaeo",30.0,4.0,215.0,http://registry.gsg.org.uk/sr/sitedetails.php?id=187
Achavrasdal Mine,"Mine, ManMade, Archaeo",,,,http://registry.gsg.org.uk/sr/sitedetails.php?id=188
Cross Cave [NW],"Arch, SeaCave",22.0,3.0,1.0,http://registry.gsg.org.uk/sr/sitedetails.php?id=189
Achbraad Mine,"ManMade, Archaeo",,,,http://registry.gsg.org.uk/sr/sitedetails.php?id=190
Whale's Mou (N),"Cave, Arch, SeaCave",71.0,9.0,0.0,http://registry.gsg.org.uk/sr/sitedetails.php?id=191
A'Chrois Fissure [1],none,10.0,10.0,,http://registry.gsg.org.uk/sr/sitedetails.php?id=192
A'Chrois Fissure [2],Cave,35.0,20.0,,http://registry.gsg.org.uk/sr/sitedetails.php?id=193
A'Chrois Fissure [3],Cave,,,,http://registry.gsg.org.uk/sr/sitedetails.php?id=194
A'Chrois Fissure [4],none,,,,http://registry.gsg.org.uk/sr/sitedetails.php?id=195
A'Chrois Fissure [5],Cave,,,,http://registry.gsg.org.uk/sr/sitedetails.php?id=196
A'Chrois Fissure [6],Cave,,,,http://registry.gsg.org.uk/sr/sitedetails.php?id=197
A'Chrois Fissure [7],Cave,,,,http://registry.gsg.org.uk/sr/sitedetails.php?id=198
A'Chrois Fissures [Overview],Other,,,,http://registry.gsg.org.uk/sr/sitedetails.php?id=199
After Dinner Hole,Cave,6.0,1.5,335.0,http://registry.gsg.org.uk/sr/sitedetails.php?id=200
Afton Mine,"Mine, ManMade, Archaeo",,,,http://registry.gsg.org.uk/sr/sitedetails.php?id=201
Hillock Cave,"Cave, SeaCave",,,0.0,http://registry.gsg.org.uk/sr/sitedetails.php?id=202
AHS Cave,Cave,18.0,2.0,385.0,http://registry.gsg.org.uk/sr/sitedetails.php?id=203
Ailein Mhaoil (Uamh),"Cave, Archaeo",25.0,3.0,10.0,http://registry.gsg.org.uk/sr/sitedetails.php?id=204
Aire (Uamh an),"Cave, SeaCave",8.0,8.0,10.0,http://registry.gsg.org.uk/sr/sitedetails.php?id=205
Airthrey Hill Mine,"Mine, ManMade, Archaeo",,,,http://registry.gsg.org.uk/sr/sitedetails.php?id=206
Allt Chrith (Uamh),Cave,13.0,,,http://registry.gsg.org.uk/sr/sitedetails.php?id=207
Airthrey Silver Mine,"Mine, ManMade, Archaeo",,,,http://registry.gsg.org.uk/sr/sitedetails.php?id=208
Slit Pot,"Cave, Fissure, Lost",19.1,11.2,270.0,http://registry.gsg.org.uk/sr/sitedetails.php?id=209
Albion Pot,Cave,,,400.0,http://registry.gsg.org.uk/sr/sitedetails.php?id=210
Allan Water Trial,"Trial, ManMade, Archaeo",8.5,3.2,25.0,http://registry.gsg.org.uk/sr/sitedetails.php?id=211
Allargue Estate Mine,"Mine, ManMade, Archaeo",,,,http://registry.gsg.org.uk/sr/sitedetails.php?id=212
Stoneywood Paper Mill Lade,"ManMade, Archaeo",1200.0,10.0,35.0,http://registry.gsg.org.uk/sr/sitedetails.php?id=213
Iris Cave,"Cave, Archaeo",52.5,,60.0,http://registry.gsg.org.uk/sr/sitedetails.php?id=214
Allt a' Bhealaich Cave,"Cave, Lost",6.0,0.0,328.0,http://registry.gsg.org.uk/sr/sitedetails.php?id=215
Allt a' Chalda Mor Stream Cave,"Cave, Sink",65.0,20.0,152.0,http://registry.gsg.org.uk/sr/sitedetails.php?id=216
Allt Aisridh Cave,Cave,9.1,,24.0,http://registry.gsg.org.uk/sr/sitedetails.php?id=217
Allt an Dunaiche [I],"Mine, Trial, ManMade, Archaeo",,,,http://registry.gsg.org.uk/sr/sitedetails.php?id=218
Allt an Dunaiche [II],"Mine, Trial, ManMade, Archaeo",,,,http://registry.gsg.org.uk/sr/sitedetails.php?id=219
Allt an Dunaiche[III],"Mine, Trial, ManMade, Archaeo",,,,http://registry.gsg.org.uk/sr/sitedetails.php?id=220
Ardfin Cave,"Cave, Archaeo",,,,http://registry.gsg.org.uk/sr/sitedetails.php?id=221
Allt an Inbhire Cave,"Cave, Rising",10.7,,30.5,http://registry.gsg.org.uk/sr/sitedetails.php?id=222
Allt Aulavaig Cave [1],Cave,8.0,,75.0,http://registry.gsg.org.uk/sr/sitedetails.php?id=223
Allt Aulavaig Cave [2],"Cave, Sink",9.0,,100.0,http://registry.gsg.org.uk/sr/sitedetails.php?id=224
Allt Aulavaig Cave [3],Cave,15.0,6.0,129.0,http://registry.gsg.org.uk/sr/sitedetails.php?id=225
Allt Aulavaig Cave [4],"Cave, Hole",2.5,,130.0,http://registry.gsg.org.uk/sr/sitedetails.php?id=226
Allt Aulavaig Cave [5],Hole,2.0,1.0,124.0,http://registry.gsg.org.uk/sr/sitedetails.php?id=227
Allt Claigionnaich,"Mine, ManMade, Archaeo",,,,http://registry.gsg.org.uk/sr/sitedetails.php?id=228
An Dubh-chreag Cave,"Cave, Lost",,,,http://registry.gsg.org.uk/sr/sitedetails.php?id=229
Allt Coire Chaluim,"Cave, Fissure",9.0,0.0,340.0,http://registry.gsg.org.uk/sr/sitedetails.php?id=230
Allt Coire Chaluim [1],Fissure,,,,http://registry.gsg.org.uk/sr/sitedetails.php?id=231
Allt Coire Chaluim [2],Fissure,,,,http://registry.gsg.org.uk/sr/sitedetails.php?id=232
Allt Coire Sheileach Cave [1],Cave,45.0,1.0,335.0,http://registry.gsg.org.uk/sr/sitedetails.php?id=233
Allt Coire Sheileach Cave [2],Cave,17.0,3.0,230.0,http://registry.gsg.org.uk/sr/sitedetails.php?id=234
Allt Coire Sheileach Cave [3],Cave,,1.0,,http://registry.gsg.org.uk/sr/sitedetails.php?id=235
Allt Coire Sheileach Cave [4],Cave,15.0,,,http://registry.gsg.org.uk/sr/sitedetails.php?id=236
Alt na Goibhnean Cave,"Cave, Archaeo",,,,http://registry.gsg.org.uk/sr/sitedetails.php?id=237
Allt na Pairte Cave,"Cave, Shake",177.0,12.8,129.0,http://registry.gsg.org.uk/sr/sitedetails.php?id=238
Allt na Pairte Rising Cave,"Cave, Rising",21.3,1.0,114.0,http://registry.gsg.org.uk/sr/sitedetails.php?id=239
Allt nan Leac [7],Cave,9.1,3.0,91.0,http://registry.gsg.org.uk/sr/sitedetails.php?id=240
Allt nan Leac [8],"Cave, Fissure",8.0,8.0,99.0,http://registry.gsg.org.uk/sr/sitedetails.php?id=241
Allt nan Sae Mine,"Mine, Trial, ManMade, Archaeo",,,,http://registry.gsg.org.uk/sr/sitedetails.php?id=242
Stronachullin Mines,"Mine, ManMade, Archaeo",,,,http://registry.gsg.org.uk/sr/sitedetails.php?id=243
Allt nan Uamh Stream Cave,"Cave, SAM",1500.0,40.0,320.0,http://registry.gsg.org.uk/sr/sitedetails.php?id=244
Allt Priomh Uamha,Cave,36.0,4.0,580.0,http://registry.gsg.org.uk/sr/sitedetails.php?id=245
Alt Alstail (Uamhanan) [1],"Cave, SeaCave, Archaeo",,,,http://registry.gsg.org.uk/sr/sitedetails.php?id=246
Alt an t-Seilich (Uamh),"Cave, Archaeo",,,,http://registry.gsg.org.uk/sr/sitedetails.php?id=247
Alt Astail (Uamhanan) [2],"Cave, SeaCave",,,,http://registry.gsg.org.uk/sr/sitedetails.php?id=248
Alt Cailleachan Chriosda (Uamh),"Cave, SeaCave, Archaeo",,,,http://registry.gsg.org.uk/sr/sitedetails.php?id=249
Alt Leathan Cave,"Cave, SeaCave, Archaeo",,,,http://registry.gsg.org.uk/sr/sitedetails.php?id=250
Alt Leathan Shelter,"Cave, Archaeo",,,8.5,http://registry.gsg.org.uk/sr/sitedetails.php?id=251
Alt na h-Uraich Rockshelter,Cave,,,,http://registry.gsg.org.uk/sr/sitedetails.php?id=252
Alva Mine,"Mine, ManMade, Archaeo",,,,http://registry.gsg.org.uk/sr/sitedetails.php?id=253
Castlehill Tunnel,"Tunnel, ManMade, Archaeo",,,,http://registry.gsg.org.uk/sr/sitedetails.php?id=254
Amadan (Uamh),Cave,12.0,,43.0,http://registry.gsg.org.uk/sr/sitedetails.php?id=255
Rudha (An),"Mine, ManMade, Archaeo",,,,http://registry.gsg.org.uk/sr/sitedetails.php?id=256
Wisp (The),"Mine, Shaft, ManMade, Archaeo",,,,http://registry.gsg.org.uk/sr/sitedetails.php?id=257
Ann's Co',Cave,,,,http://registry.gsg.org.uk/sr/sitedetails.php?id=258
Herman Lyon's Mausoleum,"ManMade, Archaeo",18.0,,103.0,http://registry.gsg.org.uk/sr/sitedetails.php?id=259
Aonan an Da Dhoruis [1],"Cave, Archaeo",,,,http://registry.gsg.org.uk/sr/sitedetails.php?id=260
Aosda (Uamh),Cave,7.6,,137.0,http://registry.gsg.org.uk/sr/sitedetails.php?id=261
Appin Copper Mine,"Mine, ManMade, Archaeo",,,,http://registry.gsg.org.uk/sr/sitedetails.php?id=262
Appin Lead Mine,"Mine, ManMade, Archaeo",,,,http://registry.gsg.org.uk/sr/sitedetails.php?id=263
Bruntsfield House Ice House,"ManMade, Archaeo",,4.0,,http://registry.gsg.org.uk/sr/sitedetails.php?id=264
Applecross Sandstone Fissures,Fissure,30.0,120.0,,http://registry.gsg.org.uk/sr/sitedetails.php?id=265
High Glasnock Cave,Cave,,6.5,,http://registry.gsg.org.uk/sr/sitedetails.php?id=266
High Pasture Cave,"Cave, Archaeo",320.0,13.0,61.0,http://registry.gsg.org.uk/sr/sitedetails.php?id=267
Ard (Uamh),Cave,100.0,30.0,480.0,http://registry.gsg.org.uk/sr/sitedetails.php?id=268
Ardmillan Cave,"SeaCave, Lost",,,,http://registry.gsg.org.uk/sr/sitedetails.php?id=269
Ardtalla Cave,"Cave, Archaeo",,,,http://registry.gsg.org.uk/sr/sitedetails.php?id=270
Ardtalnaig Mine,"Mine, ManMade, Lost",,,,http://registry.gsg.org.uk/sr/sitedetails.php?id=271
Camas na Craoibhe Cave,"Cave, Archaeo",4.4,,,http://registry.gsg.org.uk/sr/sitedetails.php?id=272
Ardtilligan Burn Mine,"Mine, ManMade, Archaeo",,,70.0,http://registry.gsg.org.uk/sr/sitedetails.php?id=273
Callanish Sun Dagger,"Cave, Archaeo, SAM",,,,http://registry.gsg.org.uk/sr/sitedetails.php?id=274
Ardtur Pot,Cave,,,,http://registry.gsg.org.uk/sr/sitedetails.php?id=275
Ardwell Cave,"Cave, SeaCave, Archaeo",,,,http://registry.gsg.org.uk/sr/sitedetails.php?id=276
Argus Cave,"Cave, Hole",27.0,6.0,225.0,http://registry.gsg.org.uk/sr/sitedetails.php?id=277
Arndilly Iron Mine,"Mine, ManMade, Archaeo",,,,http://registry.gsg.org.uk/sr/sitedetails.php?id=278
Druim Bhlar Flood Sinks,Sink,,,,http://registry.gsg.org.uk/sr/sitedetails.php?id=279
Lime Kiln Cave,Cave,10.0,6.0,113.0,http://registry.gsg.org.uk/sr/sitedetails.php?id=280
Lime Kiln Resurgence,Rising,80.0,,81.0,http://registry.gsg.org.uk/sr/sitedetails.php?id=281
Tadpole Resurgence,Cave,,9.0,352.0,http://registry.gsg.org.uk/sr/sitedetails.php?id=282
Auchencairn Mine,"Mine, ManMade, Archaeo, Lost",200.0,,30.0,http://registry.gsg.org.uk/sr/sitedetails.php?id=283
Rumness Cave [1],"Cave, SeaCave, SSSI",,,,http://registry.gsg.org.uk/sr/sitedetails.php?id=284
Prail Castle Through Cave [1] [S],"Cave, Arch, SeaCave, SAM",25.0,15.0,0.0,http://registry.gsg.org.uk/sr/sitedetails.php?id=285
Geo nan Sgarbh Natural Arch,"Cave, Arch, SeaCave",,,,http://registry.gsg.org.uk/sr/sitedetails.php?id=286
Auchenfad Mine,"Mine, ManMade, Archaeo",,,,http://registry.gsg.org.uk/sr/sitedetails.php?id=287
Rumness Caves [Overview],"Other, SSSI",,,,http://registry.gsg.org.uk/sr/sitedetails.php?id=288
Auchenleck Ironstone Mine,"Mine, ManMade, Archaeo",,,,http://registry.gsg.org.uk/sr/sitedetails.php?id=289
Brierhaugh Cave,"Cave, SeaCave",,,,http://registry.gsg.org.uk/sr/sitedetails.php?id=290
Rumness Cave [2],"Cave, SeaCave",,,,http://registry.gsg.org.uk/sr/sitedetails.php?id=291
Auchensaugh Hill Mine,"Mine, Trial, ManMade, Archaeo",,,,http://registry.gsg.org.uk/sr/sitedetails.php?id=292
Maw Skelly Sea Cave,"Cave, SeaCave",,,,http://registry.gsg.org.uk/sr/sitedetails.php?id=293
Auchinlongford Mine,"Mine, ManMade, Archaeo",,,,http://registry.gsg.org.uk/sr/sitedetails.php?id=294
Maw Skelly Natural Arch,"Cave, Arch, SeaCave",8.0,9.0,0.0,http://registry.gsg.org.uk/sr/sitedetails.php?id=295
Goodwife's Cave,Cave,,,,http://registry.gsg.org.uk/sr/sitedetails.php?id=296
Back Bay Cave,"Cave, SeaCave",,,,http://registry.gsg.org.uk/sr/sitedetails.php?id=297
Bagh an Da Dhorus [2],Cave,,,,http://registry.gsg.org.uk/sr/sitedetails.php?id=298
Bagh an Da Dhorus [3],"Cave, Archaeo",,,,http://registry.gsg.org.uk/sr/sitedetails.php?id=299
Bagh an Da Dhorus [4],Cave,,,,http://registry.gsg.org.uk/sr/sitedetails.php?id=300
Bagh an Da Dhorus [7],"Cave, Archaeo",,,,http://registry.gsg.org.uk/sr/sitedetails.php?id=301
Bagh an Da Dhorus [8],Cave,,,,http://registry.gsg.org.uk/sr/sitedetails.php?id=302
"Bagh an Da Dhorus, Cave",Cave,,,,http://registry.gsg.org.uk/sr/sitedetails.php?id=303
Balerno Mine,"Trial, ManMade, Archaeo, Lost",,,,http://registry.gsg.org.uk/sr/sitedetails.php?id=304
Craig Castle Caves,none,,,,http://registry.gsg.org.uk/sr/sitedetails.php?id=305
Balitarsin Mine,"Mine, ManMade, Archaeo",,,,http://registry.gsg.org.uk/sr/sitedetails.php?id=306
Balkeachy Mine,"Mine, ManMade, Archaeo",,,,http://registry.gsg.org.uk/sr/sitedetails.php?id=307
Balloch Mine,"Mine, ManMade, Archaeo",,,,http://registry.gsg.org.uk/sr/sitedetails.php?id=308
Grahamslaw [1],"ManMade, Archaeo",6.0,2.6,100.0,http://registry.gsg.org.uk/sr/sitedetails.php?id=309
Grahamslaw [2],"ManMade, Archaeo",5.0,2.2,100.0,http://registry.gsg.org.uk/sr/sitedetails.php?id=310
Grahamslaw [3],"ManMade, Archaeo",6.0,2.8,100.0,http://registry.gsg.org.uk/sr/sitedetails.php?id=311
Grahamslaw [4],"ManMade, Archaeo",3.6,2.8,100.0,http://registry.gsg.org.uk/sr/sitedetails.php?id=312
Grahamslaw [5],"ManMade, Archaeo",3.3,2.1,100.0,http://registry.gsg.org.uk/sr/sitedetails.php?id=313
Grahamslaw [6],"ManMade, Archaeo",2.4,2.0,100.0,http://registry.gsg.org.uk/sr/sitedetails.php?id=314
Grahamslaw [6a],"ManMade, Archaeo",4.8,2.0,100.0,http://registry.gsg.org.uk/sr/sitedetails.php?id=315
Ballygrant Mine,"Mine, ManMade, Archaeo",,,,http://registry.gsg.org.uk/sr/sitedetails.php?id=316
Glenfintaig Cave,Cave,18.3,6.0,385.0,http://registry.gsg.org.uk/sr/sitedetails.php?id=317
Balquhidder Trials,"Mine, Trial, ManMade, Archaeo",,,,http://registry.gsg.org.uk/sr/sitedetails.php?id=318
Balta Sound Mine,"Mine, ManMade, Archaeo",,,,http://registry.gsg.org.uk/sr/sitedetails.php?id=319
Grahamslaw [7],"ManMade, Archaeo",6.5,3.5,100.0,http://registry.gsg.org.uk/sr/sitedetails.php?id=320
Balulive Mine,"Mine, ManMade, Archaeo",,,,http://registry.gsg.org.uk/sr/sitedetails.php?id=321
Grahamslaw [8],"ManMade, Archaeo",2.3,2.2,100.0,http://registry.gsg.org.uk/sr/sitedetails.php?id=322
Banged Resurgence,Rising,4.0,,250.0,http://registry.gsg.org.uk/sr/sitedetails.php?id=323
Bankhead Mine,"Mine, ManMade, Archaeo",,,,http://registry.gsg.org.uk/sr/sitedetails.php?id=324
Queens (Cave of the),Cave,,25.0,300.0,http://registry.gsg.org.uk/sr/sitedetails.php?id=325
Queens (Cave of the) Resurgence,Rising,,,291.0,http://registry.gsg.org.uk/sr/sitedetails.php?id=326
Barbreck Trial,"Mine, Trial, ManMade, Archaeo",,,,http://registry.gsg.org.uk/sr/sitedetails.php?id=327
Grahamslaw [9],"ManMade, Archaeo",6.1,3.0,100.0,http://registry.gsg.org.uk/sr/sitedetails.php?id=328
Grahamslaw [10],"ManMade, Archaeo",12.2,14.5,100.0,http://registry.gsg.org.uk/sr/sitedetails.php?id=329
Bargaly Mine,"Mine, ManMade, Archaeo",,,,http://registry.gsg.org.uk/sr/sitedetails.php?id=330
